{
  "homography_matrix": [
    [
      -0.00034871386915643937,
      0.0015134181921389472,
      -0.14715725278401734
    ],
    [
      0.001187055330067522,
      -6.920053493667106e-05,
      -0.7395940249308591
    ],
    [
      0.0007343862572532867,
      0.0008292335065525847,
      1.0
    ]
  ],
  "pixel_points": [
    [
      661,
      651
    ],
    [
      880,
      300
    ],
    [
      446,
      200
    ],
    [
      648,
      428
    ]
  ],
  "world_points": [
    [
      0.3,
      0.0
    ],
    [
      0.0,
      0.15
    ],
    [
      0.0,
      -0.15
    ],
    [
      0.15,
      0.0
    ]
  ],
  "camera_id": 1,
  "resolution": [
    1920,
    1080
  ],
  "table_z": 0.0
}